<?xml version="1.0" encoding="UTF-8"?>
<!DOCTYPE hibernate-mapping PUBLIC "-//Hibernate/Hibernate Mapping DTD 3.0//EN"
"http://www.hibernate.org/dtd/hibernate-mapping-3.0.dtd">

<hibernate-mapping>
    <class name="com.book.model.Book" table="BOOK">
        <id name="BookID" type="integer">
            <column name="BOOKID" length="40" />
           <generator class="increment"  />
        </id>
        <property name="Bookname" type="string">
            <column name="BOOKNAME" length="20" />
        </property>
        <property name="Author" type="string">
            <column name="AUTHOR" length="50" />
        </property>
        <property name="Edition" type="string">
            <column name="EDITION" length="10" />
        </property>
        <property name="Category" type="string">
            <column name="CATEGORY" length="10" />
        </property>
        <property name="Publisher" type="string">
        <column name="PUBLISHER" length="100"/>
        </property>
        <property name="PublishingYear" type="string">
            <column name="PUBLISHINGYEAR" length="20" />
        </property>
        <property name="Price" type="string">
            <column name="PRICE" length="100" />
        </property>
        <property name="Quantity" type="string">
            <column name="QUANTITY" length="100" />
        </property>
</class>
</hibernate-mapping>