<?xml version="1.0" encoding="UTF-8"?>
<!DOCTYPE hibernate-mapping PUBLIC 
    "-//Hibernate/Hibernate Mapping DTD 3.0//EN"
    "http://www.hibernate.org/dtd/hibernate-mapping-3.0.dtd">

<hibernate-mapping>
	<class name="com.niit.model.Book" table="BOOK">
		<id name="bookId" type="integer">
			<column name="BOOKID" length="10" />
			<generator class="native" />
		</id>

		<property name="name" type="string">
			<column name="NAME" length="20" />
		</property>

		<property name="custname" type="string">
			<column name="CUSTOMER_NAME" length="40" />
		</property>

		<property name="price" type="double">
			<column name="PRICE" />
		</property>
	</class>
</hibernate-mapping>