<?xml version="1.0" encoding="UTF-8"?>
<!DOCTYPE hibernate-configuration PUBLIC "-//Hibernate/Hibernate Configuration DTD 3.0//EN" "http://hibernate.sourceforge.net/hibernate-configuration-3.0.dtd">
<hibernate-configuration>
	<session-factory>
		<property name="hibernate.connection.url">jdbc:sqlserver://LAPTOP-81DIQQ58;databaseName=Library</property>
        <property name="hibernate.connection.username">sa</property>
        <property name="hibernate.connection.password">niit@123</property>
        <property name="hibernate.connection.driver_class">com.microsoft.sqlserver.jdbc.SQLServerDriver</property>
        <property name="hibernate.dialect">org.hibernate.dialect.SQLServerDialect</property>
        <property name="hibernate.hbm2ddl.auto">update</property>
        <property name="hibernate.show_sql">true</property>
        <property name="hibernate.format_sql">true</property>
		<mapping
			resource="com/book/mapping/Student.hbm.xml" />
		<mapping
			resource="com/book/mapping/Address.hbm.xml" />
		<mapping resource="com/book/mapping/Book.hbm.xml" />
	</session-factory>
</hibernate-configuration>