<?xml version="1.0" encoding="UTF-8"?>
<beans xmlns="http://www.springframework.org/schema/beans"
	xmlns:xsi="http://www.w3.org/2001/XMLSchema-instance"
    xmlns:aop="http://www.springframework.org/schema/aop"
	xsi:schemaLocation="http://www.springframework.org/schema/beans http://www.springframework.org/schema/beans/spring-beans.xsd http://www.springframework.org/schema/aop http://www.springframework.org/schema/aop/spring-aop.xsd">

    <aop:aspectj-autoproxy />



<bean name="student" class="com.niit.model.Student">
<property name="studentID" value="101"></property>
<property name="studentName" value="Sriranganath"></property>
</bean>
<bean name="studentService" class="com.niit.service.StudentService">
<property name="student" ref="student"></property>
</bean>
<bean name="studentAspect" class="com.niit.aspect.StudentAspect" />
<bean name="studentPointcut" class="com.niit.aspect.StudentPointcut" />
</beans>