<?xml version="1.0" encoding="UTF-8"?>
<!DOCTYPE hibernate-mapping PUBLIC "-//Hibernate/Hibernate Mapping DTD 3.0//EN"
"http://www.hibernate.org/dtd/hibernate-mapping-3.0.dtd">

<hibernate-mapping>
    <class name="com.author.model.Author" table="AUTHOR">
        <id name="AuthorID" type="integer">
            <column name="AUTHORID" length="40" />
           <generator class="increment"  />
        </id>
        <property name="Authorname" type="string">
            <column name="AUTHORNAME" length="20" />
        </property>
        <property name="Gender" type="string">
            <column name="GENDER" length="50" />
        </property>
          <property name="dob" type="date">
            <column name="DOB" length="10" />
        </property>
        <property name="Address" type="string">
            <column name="ADDRESS" length="100" />
        </property>
        <property name="Contactno" type="string">
        <column name="CONTACTNO" length="20"/>
        </property>
        <property name="email" type="string">
            <column name="EMAIL" length="100" />
        </property>
        <property name="Nationality" type="string">
            <column name="NATIONALITY" length="100" />
        </property>
       </class>
</hibernate-mapping>