<?xml version="1.0" encoding="UTF-8"?>
<beans xmlns="http://www.springframework.org/schema/beans"
	xmlns:xsi="http://www.w3.org/2001/XMLSchema-instance"
	xsi:schemaLocation="http://www.springframework.org/schema/beans 
	http://www.springframework.org/schema/beans/spring-beans.xsd">
	<bean id="Customer" class="com.chapter2.activity1.Customer">
	<property name="accountName" value="Sriranganath Ananthapadmanabhan"/>
	<property name="firstName" value="Sriranganath"/>
	<property name="middleName" value="Anantha"/>
	<property name="lastName" value="Padmananabhan"/>
	<property name="dateOfBirth" value="16"/>
	<property name="monthOfBirth" value="04"/>
	<property name="yearOfBirth" value="1998"/>
	<property name="motherName" value="Usha Ananthapadmanabhan"/>
	<property name="emailID" value="srinathananth30@gmail.com"/>
	<property name="gender" value="Male"/>
	<property name="maritalStatus" value="Single"/>
	<property name="houseNo" value="no 13/4"/>
	<property name="streetName" value="jeth nagar"/>
	<property name="state" value="TamilNadu"/>
	<property name="city" value="Chennai"/>
	<property name="pincode" value="600028"/>
	<property name="phone" value="9567890012"/>
	<property name="userName" value="asr"/>
	<property name="password" value="asr"/>
</bean>

	</beans>