<?xml version="1.0"?>
<!DOCTYPE hibernate-mapping PUBLIC "-//Hibernate/Hibernate Mapping DTD 3.0//EN"
"http://www.hibernate.org/dtd/hibernate-mapping-3.0.dtd">

<hibernate-mapping>
    <class name="com.book.model.Book" table="BOOK">
      <id name="bookId" type="integer">
            <column name="BOOKID" length="40" />
            <generator class="native" />
        </id>
        <property name="bookName" type="string">
            <column name="BOOKNAME" length="20" />
        </property>
        <property name="category" type="string">
            <column name="CATEGORY" length="20" />
        </property>
        <property name="Author" type="string">
            <column name="AUTHOR" length="20" />
        </property>
        <property name="bookFee" type="double">
            <column name="BOOKFEE" length="20" />
        </property>
        
    </class>
</hibernate-mapping>
